AA/MM/DD,HH:MN:SS,dist(m),temp_dht11(ç¹™C),hum_DHT11(%),hum_DHT11(%),pres_atm(mb)
A,B,C,D,E,F,G
17/07/29,12:08:10,2.63,23,71,27.4,1029.31
17/07/29,12:18:35,2.65,22,73,26.6,1029.31
17/07/29,12:29:00,2.68,22,74,26.4,1029.21
17/07/29,12:39:26,2.69,22,74,26.3,1029.12
17/07/29,12:49:52,2.68,22,74,26.3,1029.06
17/07/29,13:00:17,2.67,22,75,28.8,1029.13
17/07/29,13:10:42,2.65,22,74,29.3,1028.91
17/07/29,13:21:08,2.59,22,75,29.7,1029.02
17/07/29,13:31:33,2.54,22,75,29.3,1029.11
17/07/29,13:41:59,2.49,22,75,29.5,1029.12
17/07/29,13:52:24,2.44,22,74,28.3,1029.22
17/07/29,14:02:49,2.38,22,75,28.4,1029.31
17/07/29,14:13:15,2.3,22,75,27.5,1029.26
17/07/29,14:23:40,2.24,22,76,27.3,1029.22
17/07/29,14:34:05,2.15,22,76,26.8,1029.24
17/07/29,14:44:30,2.09,22,78,26.4,1029.19
17/07/29,14:54:56,2.01,21,79,25.9,1029.21
17/07/29,15:05:21,1.93,21,79,25.5,1029.33
17/07/29,15:15:46,1.87,21,80,25.2,1029.37
17/07/29,15:26:12,1.8,21,80,25,1029.36
17/07/29,15:36:37,1.72,21,80,24.9,1029.26
17/07/29,15:47:03,1.64,20,83,24.7,1029.32
17/07/29,15:57:28,1.58,20,83,24.7,1029.4
17/07/29,16:07:54,1.5,20,83,24.7,1029.34
17/07/29,16:18:19,1.44,20,83,24.6,1029.16
17/07/29,16:28:45,1.37,20,84,24.5,1029.18
17/07/29,16:39:11,1.29,24,83,24.5,1029.24
17/07/29,16:49:36,1.23,24,83,24.4,1029.23
17/07/29,17:00:02,1.15,23,84,24.4,1029.35
17/07/29,17:10:27,1.08,23,84,24.3,1029.43
17/07/29,17:20:53,1.03,23,84,24.3,1029.49
17/07/29,17:31:18,0.98,23,84,24.2,1029.54
17/07/29,17:41:44,0.92,23,84,24.1,1029.45
17/07/29,17:52:10,0.87,23,84,24.1,1029.57
17/07/29,18:02:36,0.83,23,84,24.1,1029.51
17/07/29,18:13:01,0.77,23,84,24.1,1029.47
17/07/29,18:23:26,0.75,23,89,24,1029.53
17/07/29,18:33:52,0.73,23,89,24,1029.53
17/07/29,18:44:18,0.7,20,92,23.9,1029.56
17/07/29,18:54:43,0.7,20,91,23.9,1029.58
17/07/29,19:05:09,0.69,20,92,23.9,1029.61
17/07/29,19:15:34,0.7,19,92,23.8,1029.46
17/07/29,19:26:00,0.7,23,89,23.8,1029.55
17/07/29,19:36:26,0.73,19,92,23.8,1029.55
17/07/29,19:46:51,0.81,19,94,23.6,1029.42
17/07/29,19:57:17,0.85,19,94,23.4,1029.55
17/07/29,20:07:42,0.91,21,93,23.2,1029.36
17/07/29,20:18:09,0.96,21,93,23,1029.43
17/07/29,20:28:34,1.04,21,93,22.9,1029.31
17/07/29,20:39:00,1.13,21,93,22.8,1029.34
17/07/29,20:49:25,1.18,21,93,22.7,1029.36
17/07/29,20:59:51,1.25,21,93,22.7,1029.33
17/07/29,21:10:17,1.31,21,93,22.6,1029.29
17/07/29,21:20:42,1.39,21,93,22.6,1029.2
17/07/29,21:31:08,1.48,21,93,22.5,1029.14
17/07/29,21:41:34,1.54,21,93,22.5,1029.08
17/07/29,21:52:00,1.61,21,93,22.5,1028.97
17/07/29,22:02:26,1.68,21,93,22.5,1028.95
17/07/29,22:12:51,1.74,21,93,22.5,1028.91
17/07/29,22:23:17,1.82,21,93,22.5,1028.8
17/07/29,22:33:43,1.89,21,93,22.5,1028.74
17/07/29,22:44:08,1.97,21,93,22.4,1028.61
17/07/29,22:54:33,2.02,21,93,22.3,1028.53
17/07/29,23:04:59,2.09,21,93,22.3,1028.41
17/07/29,23:15:24,2.14,21,93,22.3,1028.27
17/07/29,23:25:50,2.22,21,93,22.2,1028.41
17/07/29,23:36:16,2.27,21,93,22.3,1028.24
17/07/29,23:46:41,2.34,21,93,22.2,1028.29
17/07/29,23:57:07,2.38,21,93,22.1,1028.26
17/07/30,00:07:33,2.43,21,93,22,1028.19
17/07/30,00:17:58,2.47,21,94,21.9,1028.15
17/07/30,00:28:24,2.53,21,94,21.8,1028.15
17/07/30,00:38:50,2.55,21,94,21.7,1028.12
17/07/30,00:49:16,2.56,21,93,21.7,1028.2
17/07/30,00:59:41,2.55,20,95,21.7,1028.05
17/07/30,01:10:07,2.57,20,95,21.6,1028.13
17/07/30,01:20:33,2.54,20,95,21.5,1028.07
17/07/30,01:30:59,2.52,20,95,21.4,1028.12
17/07/30,01:41:25,2.48,20,95,21.2,1028.14
17/07/30,01:51:50,2.46,20,95,21.2,1028.2
17/07/30,02:02:16,2.41,20,95,21.2,1028.23
17/07/30,02:12:42,2.34,20,95,21.2,1028.34
17/07/30,02:23:08,2.29,20,95,21.1,1028.31
17/07/30,02:33:33,2.24,20,95,21.1,1028.37
17/07/30,02:43:59,2.16,20,94,21.1,1028.34
17/07/30,02:54:25,2.1,20,94,21.2,1028.43
17/07/30,03:04:51,2.02,20,95,21.1,1028.49
17/07/30,03:15:16,1.95,20,95,21.2,1028.65
17/07/30,03:25:42,1.88,20,95,21.2,1028.74
17/07/30,03:36:07,1.83,20,95,21,1028.73
17/07/30,03:46:33,1.75,20,95,20.9,1028.84
17/07/30,03:56:59,1.68,20,95,20.9,1028.99
17/07/30,04:07:25,1.62,20,95,20.9,1029.02
17/07/30,04:17:50,1.56,20,94,21,1029.16
17/07/30,04:28:16,1.49,20,95,21.1,1029.17
17/07/30,04:38:43,1.42,20,95,21.2,1029.12
17/07/30,04:49:08,1.37,20,94,21.3,1029.06
17/07/30,04:59:34,1.31,20,94,21.4,1029.18
17/07/30,05:10:00,1.25,20,95,21.5,1029.16
17/07/30,05:20:26,1.19,20,94,21.5,1029.22
17/07/30,05:30:52,1.12,20,95,21.5,1029.37
17/07/30,05:41:17,1.08,21,94,21.7,1029.41
17/07/30,05:51:43,1.04,20,95,21.7,1029.56
17/07/30,06:02:09,0.99,21,94,21.8,1029.68
17/07/30,06:12:35,0.95,21,94,21.8,1029.74
17/07/30,06:23:01,0.91,21,94,21.9,1029.71
17/07/30,06:33:27,0.88,21,94,22.1,1029.73
17/07/30,06:43:53,0.85,21,94,22.1,1029.94
17/07/30,06:54:19,0.85,21,94,22.2,1030.03
17/07/30,07:04:44,0.88,21,94,22.5,1030.02
17/07/30,07:15:10,0.88,22,94,22.8,1029.98
17/07/30,07:25:36,0.87,22,94,23.1,1030.14
17/07/30,07:36:02,0.87,22,94,23.3,1030.13
17/07/30,07:46:28,0.93,22,94,23.5,1030.2
17/07/30,07:56:53,0.94,23,93,23.7,1030.07
17/07/30,08:07:19,1,23,92,23.9,1030.05
17/07/30,08:17:44,1.07,23,92,24.3,1029.9
17/07/30,08:28:10,1.11,24,92,24.5,1029.83
17/07/30,08:38:36,1.16,24,89,24.8,1029.7
17/07/30,08:49:01,1.21,24,84,25.1,1029.54
17/07/30,08:59:27,1.29,24,90,25.5,1029.48
17/07/30,09:09:52,1.36,24,90,25.7,1029.43
17/07/30,09:20:18,1.41,24,89,25.6,1029.17
17/07/30,09:30:43,1.47,24,89,25.9,1029.04
17/07/30,09:41:09,1.53,24,89,26,1028.76
17/07/30,09:51:34,1.59,24,89,26,1028.56
17/07/30,10:02:00,1.67,24,89,26,1028.44
17/07/30,10:12:25,1.72,24,89,26,1028.26
17/07/30,10:22:51,1.77,24,87,26.1,1028.12
17/07/30,10:33:16,1.84,24,89,26.1,1027.92
17/07/30,10:43:41,1.9,24,78,26,1027.68
17/07/30,10:54:06,1.99,25,88,26.2,1027.69
17/07/30,11:04:31,1.99,25,88,26.1,1027.59
17/07/30,11:14:56,2.1,25,80,26.1,1027.42
17/07/30,11:25:22,2.15,25,86,26.3,1027.4
17/07/30,11:35:47,2.2,25,86,26.4,1027.35
17/07/30,11:46:12,2.26,25,83,26.6,1027.47
17/07/30,12:01:44,2.34,21,82,27.1,1027.42
17/07/30,12:12:09,2.36,21,80,26.7,1027.33
17/07/30,12:22:34,2.38,23,82,26.6,1027.36
17/07/30,12:32:59,2.45,23,78,26.6,1027.42
17/07/30,12:43:25,2.44,21,75,26.5,1027.35
17/07/30,12:53:50,2.49,23,81,26.6,1027.39
17/07/30,13:04:15,2.48,21,75,29.7,1027.31
17/07/30,13:14:40,2.49,21,75,30,1027.32
17/07/30,13:25:05,2.47,21,79,30.2,1027.45
17/07/30,13:35:31,2.44,23,82,29.8,1027.52
17/07/30,13:45:56,2.48,21,79,29.1,1027.69
17/07/30,13:56:21,2.43,21,82,28.7,1027.66
17/07/30,14:06:46,2.38,21,80,28.5,1027.77
17/07/30,14:17:11,2.39,22,82,28,1027.89
17/07/30,14:27:37,2.31,21,79,27.2,1028.05
17/07/30,14:38:02,2.25,22,83,27.1,1028.07
17/07/30,14:48:27,2.24,22,83,26.7,1028.25
17/07/30,14:58:52,2.17,22,83,26.2,1028.42
17/07/30,15:09:17,2.11,21,84,25.7,1028.52
17/07/30,15:19:43,2.05,21,84,25.4,1028.63
17/07/30,15:30:08,1.94,21,84,25.3,1028.65
17/07/30,15:40:33,1.91,21,84,25.2,1028.59
17/07/30,15:50:58,1.81,21,84,25.1,1028.73
17/07/30,16:01:23,1.8,21,84,25,1028.87
17/07/30,16:11:49,1.73,21,88,24.9,1028.83
17/07/30,16:22:14,1.64,21,89,24.8,1029
17/07/30,16:32:40,1.63,21,89,24.7,1029.08
17/07/30,16:43:05,1.59,21,90,24.7,1029.16
17/07/30,16:53:31,1.52,21,89,24.6,1029.18
17/07/30,17:03:56,1.47,20,91,24.5,1029.39
17/07/30,17:14:22,1.42,20,90,24.4,1029.7
17/07/30,17:24:47,1.37,20,91,24.3,1029.7
17/07/30,17:35:13,1.32,20,92,24.3,1029.72
17/07/30,17:45:38,1.27,20,92,24.1,1029.8
17/07/30,17:56:04,1.22,20,94,23.9,1029.94
17/07/30,18:06:29,1.15,19,94,23.7,1029.92
17/07/30,18:16:55,1.07,20,94,23.7,1029.95
17/07/30,18:27:20,1.08,20,94,23.8,1030.04
17/07/30,18:37:46,1,20,94,23.7,1030.1
17/07/30,18:48:11,0.96,20,94,23.7,1030.16
17/07/30,18:58:37,1.03,20,94,23.6,1030.09
17/07/30,19:09:03,0.93,20,92,23.6,1030.3
17/07/30,19:19:28,0.97,20,92,23.6,1030.3
17/07/30,19:29:54,0.99,20,92,23.6,1030.47
17/07/30,19:40:20,0.93,19,92,23.5,1030.47
17/07/30,19:50:46,1,19,92,23.5,1030.6
17/07/30,20:01:11,0.99,19,92,23.5,1030.54
17/07/30,20:11:37,1.01,19,92,23.4,1030.48
17/07/30,20:22:03,1.12,19,92,23.4,1030.65
17/07/30,20:32:28,1.17,19,92,23.3,1030.53
17/07/30,20:42:54,1.12,19,94,23.2,1030.59
17/07/30,20:53:20,1.13,19,92,23.1,1030.49
17/07/30,21:03:45,1.25,19,92,23.1,1030.38
17/07/30,21:14:11,1.27,19,92,23.1,1030.38
17/07/30,21:24:36,1.33,19,94,23,1030.37
17/07/30,21:35:02,1.39,19,94,22.9,1030.4
17/07/30,21:45:28,1.46,19,92,22.9,1030.39
17/07/30,21:55:53,1.53,19,92,22.8,1030.42
17/07/30,22:06:19,1.6,19,92,22.8,1030.36
17/07/30,22:16:45,1.65,19,94,22.6,1030.26
17/07/30,22:27:11,1.69,18,95,22.6,1030.2
17/07/30,22:37:36,1.74,18,95,22.5,1029.9
17/07/30,22:48:01,1.82,18,93,22.6,1029.93
17/07/30,22:58:27,1.84,18,95,22.6,1029.93
17/07/30,23:08:52,1.92,18,95,22.6,1029.79
17/07/30,23:19:17,1.95,18,93,22.6,1029.7
17/07/30,23:29:43,2.06,18,93,22.6,1029.58
17/07/30,23:40:08,2.08,18,93,22.5,1029.61
17/07/30,23:50:34,2.15,18,91,22.5,1029.49
17/07/31,00:01:00,2.2,18,93,22.4,1029.42
17/07/31,00:11:25,2.21,18,91,22.4,1029.37
17/07/31,00:21:50,2.27,18,93,22.4,1029.4
17/07/31,00:32:16,2.31,18,95,22.3,1029.42
17/07/31,00:42:42,2.33,18,95,22.2,1029.58
17/07/31,00:53:07,2.37,18,91,22.1,1029.49
17/07/31,01:03:33,2.41,21,90,22.1,1029.52
17/07/31,01:13:58,2.46,21,90,22.2,1029.41
17/07/31,01:24:24,2.4,21,88,22.2,1029.3
17/07/31,01:34:49,2.46,21,88,22.3,1029.3
17/07/31,01:45:15,2.42,18,87,22.4,1029.25
17/07/31,01:55:40,2.45,18,91,22.4,1029.31
17/07/31,02:06:06,2.39,18,91,22.5,1029.31
17/07/31,02:16:31,2.36,18,91,22.4,1029.31
17/07/31,02:26:57,2.34,18,91,22.4,1029.37
17/07/31,02:37:22,2.27,18,91,22.4,1029.33
17/07/31,02:47:48,2.25,18,93,22.4,1029.28
17/07/31,02:58:13,2.19,18,93,22.4,1029.48
17/07/31,03:08:39,2.15,18,91,22.4,1029.63
17/07/31,03:19:04,2.1,18,93,22.4,1029.8
17/07/31,03:29:30,2.03,18,93,22.4,1029.83
17/07/31,03:39:55,2.01,18,93,22.5,1029.87
17/07/31,03:50:21,1.92,19,93,22.5,1030.02
17/07/31,04:00:46,1.9,18,93,22.5,1030.16
17/07/31,04:11:12,1.83,18,93,22.5,1030.16
17/07/31,04:21:38,1.78,19,92,22.7,1030.44
17/07/31,04:32:03,1.74,19,90,22.9,1030.37
17/07/31,04:42:29,1.69,19,90,23.1,1030.44
17/07/31,04:52:54,1.6,19,90,23.5,1030.6
17/07/31,05:03:20,1.56,20,89,23.6,1030.79
17/07/31,05:13:46,1.52,20,87,23.7,1030.85
17/07/31,05:24:12,1.47,20,87,24,1030.9
17/07/31,05:34:37,1.44,20,84,24.2,1030.97
17/07/31,05:45:03,1.38,20,84,24.3,1031.21
17/07/31,05:55:29,1.33,20,80,24.4,1031.34
17/07/31,06:05:54,1.29,20,79,24.3,1031.42
17/07/31,06:16:19,1.25,20,77,24.5,1031.54
17/07/31,06:26:45,1.21,21,77,24.7,1031.67
17/07/31,06:37:11,1.18,21,76,24.8,1031.77
17/07/31,06:47:36,1.15,21,75,24.8,1031.95
17/07/31,06:58:01,1.15,21,75,24.9,1032.13
17/07/31,07:08:27,1.11,21,73,24.9,1032.24
17/07/31,07:18:52,1.05,21,74,25,1032.22
17/07/31,07:29:18,1.03,21,75,24.9,1032.45
17/07/31,07:39:43,1.06,21,74,25,1032.42
17/07/31,07:50:09,1.07,21,73,25.1,1032.32
17/07/31,08:00:34,1.07,21,73,25.1,1032.32
17/07/31,08:11:00,1.1,21,74,25.2,1032.35
17/07/31,08:21:25,1.11,21,72,25.2,1032.18
17/07/31,08:31:50,1.14,21,72,25.2,1032.18
17/07/31,08:42:16,1.15,21,73,25.3,1032.13
17/07/31,08:52:41,1.18,21,71,25.3,1031.92
17/07/31,09:03:07,1.22,21,74,25.4,1031.72
17/07/31,09:13:32,1.26,21,75,25.4,1031.72
17/07/31,09:23:57,1.31,21,74,25.6,1031.59
17/07/31,09:34:23,1.36,21,74,25.6,1031.68
17/07/31,09:44:48,1.4,22,74,25.7,1031.4
17/07/31,09:55:14,1.45,21,75,25.5,1031.36
17/07/31,10:05:39,1.51,21,77,25.7,1031.19
17/07/31,10:16:05,1.55,21,76,25.5,1030.92
17/07/31,10:26:30,1.61,21,76,25.5,1030.92
17/07/31,10:36:56,1.65,21,76,25.5,1030.74
17/07/31,10:47:21,1.69,21,78,25.6,1030.72
17/07/31,10:57:46,1.76,21,78,25.5,1030.74
17/07/31,11:08:12,1.8,21,78,25.6,1030.68
17/07/31,11:18:37,1.89,21,76,25.6,1030.57
17/07/31,11:29:02,1.92,21,76,25.5,1030.46
17/07/31,11:39:27,1.96,21,76,25.6,1030.51
17/07/31,11:49:52,2.02,21,76,25.6,1030.54
17/07/31,12:00:18,2.05,21,76,25.6,1030.63
17/07/31,12:10:43,2.08,21,76,25.7,1030.69
17/07/31,12:21:08,2.13,21,78,25.6,1030.63
17/07/31,12:31:33,2.14,21,76,25.7,1030.57
17/07/31,12:41:59,2.21,21,75,25.6,1030.51
17/07/31,12:52:24,2.22,21,75,25.6,1030.57
17/07/31,13:02:49,2.25,21,74,26.8,1030.71
17/07/31,13:13:14,2.28,21,74,27.6,1030.55
17/07/31,13:23:40,2.31,21,74,27.4,1030.6
17/07/31,13:34:05,2.31,21,74,27.3,1030.6
17/07/31,13:44:30,2.3,21,74,27.1,1030.82
17/07/31,13:54:55,2.35,21,75,26.4,1030.83
17/07/31,14:05:20,2.33,21,75,26.3,1030.85
17/07/31,14:15:46,2.32,21,75,26,1030.95
17/07/31,14:26:11,2.31,21,75,25.5,1030.97
17/07/31,14:36:36,2.26,21,75,25,1030.91
17/07/31,14:47:02,2.26,21,76,24.8,1031.07
17/07/31,14:57:27,2.22,20,76,24.6,1031.18
17/07/31,15:07:53,2.2,20,76,24.4,1031.16
17/07/31,15:18:18,2.16,20,76,24.3,1031.18
17/07/31,15:28:43,2.12,20,76,24.2,1031.26
17/07/31,15:39:09,2.09,20,77,24.1,1031.23
17/07/31,15:49:34,2.03,20,77,24,1031.28
17/07/31,16:00:00,1.97,20,77,23.9,1031.25
17/07/31,16:10:25,1.94,20,78,23.8,1031.21
17/07/31,16:20:50,1.91,20,78,23.8,1031.24
17/07/31,16:31:16,1.86,20,77,23.7,1031.26
17/07/31,16:41:41,1.82,20,78,23.7,1031.41
17/07/31,16:52:07,1.78,20,78,23.7,1031.57
17/07/31,17:02:32,1.73,20,77,23.6,1031.69
17/07/31,17:12:58,1.67,20,77,23.6,1031.69
17/07/31,17:23:24,1.64,20,77,23.6,1031.72
17/07/31,17:33:49,1.59,20,77,23.6,1031.8
17/07/31,17:44:15,1.55,20,77,23.6,1031.86
17/07/31,17:54:41,1.5,20,76,23.6,1031.89
17/07/31,18:05:06,1.47,20,76,23.7,1031.84
17/07/31,18:15:32,1.43,20,76,23.7,1031.9
17/07/31,18:25:58,1.37,20,77,23.7,1031.99
17/07/31,18:36:23,1.34,20,77,23.7,1032.01
17/07/31,18:46:49,1.32,19,76,23.6,1032.01
17/07/31,18:57:15,1.28,20,77,23.6,1031.98
17/07/31,19:07:40,1.25,20,77,23.5,1032.06
17/07/31,19:18:06,1.23,19,77,23.5,1032.12
17/07/31,19:28:32,1.2,19,77,23.4,1032.05
17/07/31,19:38:57,1.2,19,76,23.4,1032.02
17/07/31,19:49:23,1.17,19,76,23.3,1031.93
17/07/31,19:59:48,1.16,19,77,23.3,1032.01
17/07/31,20:10:14,1.16,19,77,23.2,1031.95
17/07/31,20:20:40,1.12,19,77,23.2,1031.98
17/07/31,20:31:05,1.15,19,76,23.1,1031.77
17/07/31,20:41:31,1.16,19,77,23.1,1031.8
17/07/31,20:51:56,1.17,19,76,23,1031.88
17/07/31,21:02:22,1.2,19,76,23,1031.79
17/07/31,21:12:48,1.23,19,76,23,1031.76
17/07/31,21:23:13,1.26,19,76,22.9,1031.58
17/07/31,21:33:39,1.3,19,76,22.8,1031.52
17/07/31,21:44:05,1.33,19,76,22.8,1031.57
17/07/31,21:54:30,1.38,19,76,22.8,1031.57
17/07/31,22:04:56,1.42,19,76,22.8,1031.6
17/07/31,22:15:22,1.46,19,77,22.9,1031.63
17/07/31,22:25:48,1.5,19,77,22.9,1031.55
17/07/31,22:36:14,1.55,19,77,22.8,1031.23
17/07/31,22:46:39,1.59,19,77,22.8,1031.23
17/07/31,22:57:05,1.64,19,77,22.8,1031.23
17/07/31,23:07:31,1.68,19,77,22.8,1031.11
17/07/31,23:17:57,1.71,19,77,22.8,1031.03
17/07/31,23:28:22,1.76,19,77,22.8,1030.94
17/07/31,23:38:48,1.8,19,77,22.7,1030.75
17/07/31,23:49:13,1.84,19,77,22.7,1030.9
17/07/31,23:59:38,1.87,18,78,22.6,1030.77
17/08/01,00:10:04,1.93,18,78,22.5,1030.68
17/08/01,00:20:30,1.97,18,78,22.5,1030.65
17/08/01,00:30:55,1.99,18,78,22.4,1030.76
17/08/01,00:41:21,2.03,18,78,22.4,1030.71
17/08/01,00:51:46,2.05,18,78,22.4,1030.79
17/08/01,01:02:12,2.1,18,79,22.4,1030.73
17/08/01,01:12:37,2.13,18,80,22.4,1030.73
17/08/01,01:23:03,2.15,18,80,22.4,1030.65
17/08/01,01:33:29,2.18,18,80,22.4,1030.64
17/08/01,01:43:54,2.2,18,80,22.4,1030.65
17/08/01,01:54:20,2.21,18,78,22.4,1030.45
17/08/01,02:04:45,2.23,18,80,22.3,1030.61
17/08/01,02:15:11,2.22,18,80,22.3,1030.69
17/08/01,02:25:37,2.22,18,80,22.2,1030.75
17/08/01,02:36:03,2.23,18,80,22.2,1030.89
17/08/01,02:46:28,2.23,18,80,22.1,1031
17/08/01,02:56:54,2.22,18,79,22.1,1030.98
17/08/01,03:07:20,2.21,18,80,22.1,1031.03
17/08/01,03:17:45,2.18,18,80,22.1,1031.09
17/08/01,03:28:11,2.17,18,80,22.1,1031.21
17/08/01,03:38:36,2.14,18,76,22,1031.35
17/08/01,03:49:02,2.12,18,77,22.1,1031.47
17/08/01,03:59:27,2.09,18,78,22.1,1031.47
17/08/01,04:09:53,2.06,18,79,22,1031.54
17/08/01,04:20:18,2.02,18,78,22,1031.6
17/08/01,04:30:44,1.99,18,80,21.9,1031.77
17/08/01,04:41:10,1.94,18,82,22,1031.78
17/08/01,05:04:30,1.87,17,82,22.9,1031.93
17/08/01,05:14:56,1.85,18,85,22.5,1031.99
17/08/01,05:25:21,1.78,18,84,22.4,1031.98
17/08/01,05:35:47,1.76,18,84,22.4,1032.07
17/08/01,05:46:12,1.73,18,84,22.5,1032.05
17/08/01,05:56:38,1.66,19,80,22.8,1032.22
17/08/01,06:07:04,1.64,19,79,23.4,1032.23
17/08/01,06:17:29,1.59,20,75,23.8,1032.36
17/08/01,06:27:55,1.55,20,75,24,1032.47
17/08/01,06:38:21,1.53,18,70,24.1,1032.53
17/08/01,06:48:47,1.5,18,70,24.2,1032.66
17/08/01,06:59:12,1.47,19,69,24.3,1032.87
17/08/01,07:09:38,1.43,19,69,24.4,1032.73
17/08/01,07:20:03,1.41,19,67,24.4,1032.73
17/08/01,07:30:29,1.39,19,66,24.4,1032.64
17/08/01,07:40:55,1.35,19,66,24.5,1032.71
17/08/01,07:51:20,1.33,19,66,24.6,1032.66
17/08/01,08:01:46,1.32,21,65,24.6,1032.69
17/08/01,08:12:11,1.3,19,65,24.7,1032.66
17/08/01,08:22:37,1.28,21,65,24.8,1032.52
17/08/01,08:33:02,1.28,21,65,24.8,1032.43
17/08/01,08:43:28,1.27,19,66,24.8,1032.46
17/08/01,08:53:53,1.27,19,67,24.9,1032.31
17/08/01,09:04:19,1.27,19,68,25,1032.22
17/08/01,09:14:44,1.28,19,69,25.1,1032.26
17/08/01,09:25:10,1.29,19,70,25.1,1032
17/08/01,09:35:35,1.33,21,70,25.1,1031.91
17/08/01,09:46:01,1.33,21,70,25.1,1031.73
17/08/01,09:56:26,1.36,19,71,25.1,1031.48
17/08/01,10:06:52,1.38,21,70,25.2,1031.34
17/08/01,10:17:17,1.41,21,70,25.2,1031.28
17/08/01,10:27:43,1.43,21,70,25.2,1031.07
17/08/01,10:38:09,1.47,21,69,25.2,1031.04
17/08/01,10:48:34,1.52,19,67,25.1,1031.01
17/08/01,10:59:00,1.54,19,67,25.2,1030.89
17/08/01,11:09:25,1.6,21,68,25.2,1030.71
17/08/01,11:19:51,1.64,21,68,25,1030.71
17/08/01,11:30:16,1.66,19,68,25,1030.82
17/08/01,11:40:42,1.7,19,68,25.2,1030.6
17/08/01,11:51:07,1.74,19,68,25.3,1030.63
17/08/01,12:01:32,1.78,21,69,25.1,1030.65
17/08/01,12:11:58,1.8,21,70,24.8,1030.6
17/08/01,12:22:23,1.85,21,70,24.8,1030.48
17/08/01,12:32:48,1.88,21,69,24.8,1030.44
17/08/01,12:43:14,1.93,21,69,24.9,1030.49
17/08/01,12:53:39,1.95,21,70,25,1030.5
17/08/01,13:04:04,1.97,20,70,25.1,1030.53
17/08/01,13:14:29,2.02,21,70,26.1,1030.47
17/08/01,13:24:55,2.04,21,70,26.3,1030.62
17/08/01,13:35:20,2.06,21,70,27.3,1030.51
17/08/01,13:45:45,2.1,21,69,26.1,1030.61
17/08/01,13:56:11,2.11,21,69,26.8,1030.59
17/08/01,14:06:36,2.13,21,69,26.6,1030.64
17/08/01,14:17:02,2.16,21,69,26,1030.74
17/08/01,14:27:27,2.15,21,68,25.9,1030.68
17/08/01,14:37:52,2.17,21,69,25.7,1030.69
17/08/01,14:48:18,2.18,20,69,25.2,1030.63
17/08/01,14:58:43,2.18,20,69,24.7,1030.77
17/08/01,15:09:09,2.18,20,69,24.3,1030.81
17/08/01,15:19:34,2.18,20,69,24.1,1030.88
17/08/01,15:30:00,2.17,18,70,24,1030.87
17/08/01,15:40:25,2.17,18,70,23.8,1030.74
17/08/01,15:50:51,2.16,20,70,23.7,1030.82
17/08/01,16:01:16,2.15,19,70,23.6,1030.81
17/08/01,16:11:41,2.12,19,70,23.5,1030.83
17/08/01,16:22:07,2.09,19,70,23.4,1030.94
17/08/01,16:32:32,2.07,19,70,23.3,1030.94
17/08/01,16:42:58,2.05,19,70,23.2,1031.05
17/08/01,16:53:23,2.03,19,70,23.2,1031.14
17/08/01,17:03:49,2.01,19,70,23.1,1031.13
17/08/01,17:14:14,1.98,19,70,23,1031.18
17/08/01,17:24:40,1.95,19,71,22.9,1031.15
17/08/01,17:35:05,1.92,19,71,22.8,1031.14
17/08/01,17:45:30,1.88,19,71,22.7,1031.13
17/08/01,17:55:56,1.85,19,71,22.7,1031.1
17/08/01,18:06:22,1.83,19,71,22.7,1031.13
17/08/01,18:16:47,1.79,18,73,22.6,1031.01
17/08/01,18:27:13,1.75,19,72,22.6,1030.92
17/08/01,18:37:38,1.71,19,72,22.6,1031.04
17/08/01,18:48:04,1.68,18,73,22.5,1031.09
17/08/01,18:58:30,1.65,18,73,22.5,1031.03
17/08/01,19:08:56,1.62,18,73,22.4,1031.02
17/08/01,19:19:21,1.59,18,73,22.3,1031.05
17/08/01,19:29:47,1.56,18,73,22.3,1031.05
17/08/01,19:40:13,1.52,18,73,22.2,1031.13
17/08/01,19:50:39,1.49,18,74,22.3,1031.02
17/08/01,20:01:05,1.46,18,74,22.4,1031.05
17/08/01,20:11:31,1.44,19,73,22.4,1031.09
17/08/01,20:21:57,1.41,19,73,22.6,1031.12
17/08/01,20:32:22,1.39,19,73,22.6,1031.07
17/08/01,20:42:48,1.38,19,73,22.6,1030.98
17/08/01,20:53:14,1.35,19,73,22.6,1030.8
17/08/01,21:03:39,1.35,18,74,22.5,1030.8
17/08/01,21:14:05,1.33,18,75,22.5,1030.71
17/08/01,21:24:31,1.33,18,74,22.5,1030.68
17/08/01,21:34:57,1.32,18,75,22.4,1030.67
17/08/01,21:45:22,1.32,18,75,22.4,1030.58
17/08/01,21:55:48,1.33,18,76,22.2,1030.41
17/08/01,22:06:14,1.33,18,76,22.2,1030.29
17/08/01,22:16:40,1.35,18,76,22.2,1030.2
17/08/01,22:27:05,1.36,18,76,22.2,1030
17/08/01,22:37:31,1.37,18,75,22.2,1029.94
17/08/01,22:47:57,1.4,18,76,22.1,1029.7
17/08/01,22:58:23,1.42,18,77,22.2,1029.77
17/08/01,23:08:49,1.45,18,76,22.2,1029.71
17/08/01,23:19:15,1.47,18,78,22.2,1029.62
17/08/01,23:29:41,1.5,18,78,22.3,1029.62
17/08/01,23:40:07,1.54,18,78,22.1,1029.47
17/08/01,23:50:33,1.56,18,82,22.2,1029.44
17/08/02,00:00:58,1.59,18,88,22.1,1029.5
17/08/02,00:11:24,1.63,17,93,21.9,1029.48
17/08/02,00:21:50,1.67,17,93,21.7,1029.32
17/08/02,00:32:16,1.71,17,93,21.5,1029.31
17/08/02,00:42:42,1.74,17,93,21.5,1029.33
17/08/02,00:53:08,1.77,17,95,21.2,1029.26
17/08/02,01:03:33,1.79,17,95,21.1,1029.28
17/08/02,01:13:59,1.84,17,93,21.1,1029.22
17/08/02,01:24:25,1.88,17,93,21,1029.22
17/08/02,01:34:50,1.92,17,95,21,1029.16
17/08/02,01:45:16,1.94,17,93,21.1,1029
17/08/02,01:55:42,1.99,17,95,21.2,1029.05
17/08/02,02:06:07,2.01,17,93,21.2,1029.04
17/08/02,02:16:33,2.06,17,86,21.1,1029.1
17/08/02,02:26:59,2.09,17,85,21,1029.27
17/08/02,02:37:24,2.12,17,84,20.7,1029.4
17/08/02,02:47:50,2.14,17,84,20.5,1029.33
17/08/02,02:58:16,2.16,17,84,20.5,1029.42
17/08/02,03:08:42,2.19,15,95,20.3,1029.61
17/08/02,03:19:08,2.18,15,95,19.5,1029.76
17/08/02,03:29:33,2.24,15,95,19.2,1029.89
17/08/02,03:39:59,2.2,15,95,19.2,1029.97
17/08/02,03:50:25,2.24,15,94,19.3,1030.06
17/08/02,04:00:51,2.29,15,94,19.2,1030.09
17/08/02,04:11:17,2.27,15,94,19.3,1030.32
17/08/02,04:21:43,2.24,15,95,19.5,1030.34
17/08/02,04:32:09,2.23,15,94,19.6,1030.23
17/08/02,04:42:35,2.23,16,94,19.7,1030.36
17/08/02,04:53:00,2.23,16,95,20,1030.37
17/08/02,05:03:26,2.14,16,95,20.2,1030.39
17/08/02,05:13:52,2.2,16,95,20.1,1030.38
17/08/02,05:24:18,2.17,16,95,19.9,1030.46
17/08/02,05:34:44,2.14,16,94,20,1030.37
17/08/02,05:45:10,2.09,16,94,20.1,1030.41
17/08/02,05:55:36,2.07,16,94,20.3,1030.33
17/08/02,06:06:01,2.04,16,94,20.4,1030.4
17/08/02,06:16:27,2.01,16,92,20.6,1030.52
17/08/02,06:26:53,1.98,17,91,20.7,1030.59
17/08/02,06:37:18,1.94,17,91,21,1030.52
17/08/02,06:47:44,1.91,17,91,21.1,1030.55
17/08/02,06:58:10,1.87,17,87,21.3,1030.59
17/08/02,07:08:35,1.82,17,85,21.4,1030.73
17/08/02,07:19:01,1.79,17,85,21.7,1030.68
17/08/02,07:29:27,1.74,18,85,21.9,1030.64
17/08/02,07:39:52,1.7,18,84,22.1,1030.74
17/08/02,07:50:18,1.67,18,81,22.4,1030.73
17/08/02,08:00:44,1.63,19,75,22.6,1030.57
17/08/02,08:11:10,1.6,19,75,22.8,1030.45
17/08/02,08:21:36,1.56,19,73,23,1030.37
17/08/02,08:32:02,1.52,19,73,23.1,1030.26
17/08/02,08:42:27,1.48,19,72,23.2,1030.27
17/08/02,08:52:53,1.44,19,72,23.3,1030.01
17/08/02,09:03:19,1.42,19,72,23.4,1029.93
17/08/02,09:13:44,1.4,20,73,23.5,1029.82
17/08/02,09:24:10,1.38,20,72,23.6,1029.65
17/08/02,09:34:36,1.35,20,73,23.7,1029.48
17/08/02,09:45:01,1.33,20,73,23.7,1029.31
17/08/02,09:55:27,1.31,20,75,23.9,1029.14
17/08/02,10:05:53,1.28,20,76,24,1028.98
17/08/02,10:16:18,1.27,20,75,24,1028.78
17/08/02,10:26:44,1.27,20,75,24.1,1028.72
17/08/02,10:37:09,1.26,20,76,24.3,1028.65
17/08/02,10:47:35,1.27,20,75,24.5,1028.49
17/08/02,10:58:01,1.27,20,74,24.6,1028.32
17/08/02,11:08:26,1.29,21,74,24.7,1028.21
17/08/02,11:18:51,1.29,21,73,24.8,1028.16
17/08/02,11:29:17,1.31,21,73,24.9,1027.96
17/08/02,11:39:43,1.34,21,72,24.9,1027.9
17/08/02,11:50:08,1.36,21,73,24.9,1027.81
17/08/02,12:00:33,1.39,21,72,24.9,1027.9
17/08/02,12:10:59,1.42,21,72,24.9,1027.7
17/08/02,12:21:25,1.46,21,73,25,1027.58
17/08/02,12:31:50,1.49,21,71,25.1,1027.62
17/08/02,12:42:16,1.51,21,70,25.2,1027.54
17/08/02,12:52:41,1.55,21,70,25.3,1027.69
17/08/02,13:03:07,1.6,21,71,28.6,1027.51
17/08/02,13:13:33,1.63,21,70,28.6,1027.51
17/08/02,13:23:58,1.66,21,70,28.8,1027.52
17/08/02,13:34:23,1.71,21,70,28.9,1027.47
17/08/02,13:44:49,1.74,21,69,27.9,1027.58
17/08/02,13:55:14,1.76,21,69,27.3,1027.84
17/08/02,14:05:40,1.8,21,68,27.1,1027.92
17/08/02,14:16:05,1.85,21,69,27.1,1027.8
17/08/02,14:26:30,1.88,21,68,26.7,1027.87
17/08/02,14:36:55,1.94,21,69,26.3,1028.05
17/08/02,14:47:21,1.95,21,69,25.9,1028.05
17/08/02,14:57:46,1.97,21,70,25.3,1028.19
17/08/02,15:08:11,2.03,20,71,24.8,1028.25
17/08/02,15:18:37,2.04,20,72,24.5,1028.29
17/08/02,15:29:02,2.06,20,72,24.3,1028.39
17/08/02,15:39:28,2.1,20,72,24.1,1028.38
17/08/02,15:49:53,2.12,20,72,24,1028.6
17/08/02,16:00:18,2.14,20,72,23.9,1028.45
17/08/02,16:10:44,2.16,20,72,23.8,1028.59
17/08/02,16:21:09,2.18,20,73,23.7,1028.7
17/08/02,16:31:35,2.18,19,73,23.6,1028.72
17/08/02,16:42:00,2.21,19,73,23.5,1028.78
17/08/02,16:52:26,2.21,19,72,23.5,1028.95
17/08/02,17:02:52,2.22,19,73,23.4,1029
17/08/02,17:13:17,2.21,19,73,23.3,1029.03
17/08/02,17:23:43,2.21,19,73,23.3,1029.13
17/08/02,17:34:08,2.19,19,73,23.2,1029.39
17/08/02,17:44:34,2.18,19,73,23.2,1029.3
17/08/02,17:54:59,2.17,19,73,23.1,1029.47
17/08/02,18:05:25,2.16,19,73,23.1,1029.5
17/08/02,18:15:50,2.14,19,73,23,1029.49
17/08/02,18:26:16,2.11,19,73,23,1029.43
17/08/02,18:36:41,2.07,19,73,22.9,1029.49
17/08/02,18:47:07,2.04,19,73,22.9,1029.46
17/08/02,18:57:32,2.01,19,73,22.8,1029.42
17/08/02,19:07:58,1.98,19,73,22.8,1029.42
17/08/02,19:18:23,1.94,19,72,22.8,1029.33
17/08/02,19:28:49,1.9,19,72,22.8,1029.37
17/08/02,19:39:14,1.86,19,72,22.8,1029.22
17/08/02,19:49:40,1.82,19,73,22.8,1029.13
17/08/02,20:00:05,1.78,19,72,22.8,1029.22
17/08/02,20:10:31,1.74,19,72,22.8,1029.13
17/08/02,20:20:56,1.7,19,72,22.7,1029.02
17/08/02,20:31:22,1.66,19,73,22.8,1029.02
17/08/02,20:41:48,1.62,19,73,22.7,1029.12
17/08/02,20:52:14,1.58,19,73,22.8,1029.1
17/08/02,21:02:40,1.55,18,74,22.7,1029.06
17/08/02,21:13:05,1.51,18,74,22.6,1028.86
17/08/02,21:23:32,1.47,18,74,22.6,1028.75
17/08/02,21:33:57,1.44,19,74,22.7,1028.87
17/08/02,21:44:23,1.4,19,75,22.7,1028.99
17/08/02,21:54:49,1.37,18,75,22.6,1028.83
17/08/02,22:05:14,1.34,18,75,22.4,1028.85
17/08/02,22:15:40,1.32,18,74,22.4,1028.76
17/08/02,22:26:06,1.29,18,74,22.4,1028.71
17/08/02,22:36:32,1.27,19,74,22.5,1028.65
17/08/02,22:46:57,1.24,18,75,22.5,1028.54
17/08/02,22:57:23,1.22,19,74,22.5,1028.34
17/08/02,23:07:49,1.21,18,74,22.4,1028.25
17/08/02,23:18:14,1.2,18,75,22.3,1028.24
17/08/02,23:28:40,1.19,18,76,22.3,1028.21
17/08/02,23:39:06,1.19,18,76,22.3,1028.21
17/08/02,23:49:32,1.19,18,76,22.2,1028.12
17/08/02,23:59:57,1.2,21,77,22.2,1027.94
17/08/03,00:10:23,1.21,18,76,22.2,1027.91
17/08/03,00:20:49,1.22,18,75,22.1,1027.79
17/08/03,00:31:15,1.24,18,75,21.9,1027.84
17/08/03,00:41:40,1.27,18,75,21.8,1027.71
17/08/03,00:52:06,1.29,18,75,21.8,1027.62
17/08/03,01:02:32,1.33,18,75,21.8,1027.42
17/08/03,01:12:58,1.37,18,80,21.8,1027.51
17/08/03,01:23:23,1.41,21,79,21.9,1027.39
17/08/03,01:33:49,1.46,18,80,21.8,1027.51
17/08/03,01:44:15,1.5,17,88,21.6,1027.52
17/08/03,01:54:41,1.53,17,93,21.5,1027.64
17/08/03,02:05:07,1.57,17,88,21.4,1027.42
17/08/03,02:15:33,1.62,17,86,21.6,1027.58
17/08/03,02:25:59,1.66,17,93,21.3,1027.74
17/08/03,02:36:25,1.72,20,94,21.1,1027.9
17/08/03,02:46:51,1.77,20,94,21,1027.98
17/08/03,02:57:16,1.81,19,94,20.6,1028.31
17/08/03,03:07:42,1.85,19,94,20.3,1028.38
17/08/03,03:18:08,1.91,19,94,20.2,1028.43
17/08/03,03:28:34,1.95,19,94,20.1,1028.61
17/08/03,03:38:59,2.01,19,92,20.2,1028.68
17/08/03,03:49:25,2,19,92,20.3,1028.63
17/08/03,03:59:51,2.08,19,92,20.4,1028.75
17/08/03,04:10:16,2.13,19,92,20.4,1028.72
17/08/03,04:20:42,2.16,19,92,20.5,1028.82
17/08/03,04:38:17,2.21,15,93,20.8,1028.95
17/08/03,04:48:43,2.26,15,93,20.7,1029.05
17/08/03,04:59:08,2.26,15,93,20.8,1029.06
17/08/03,05:09:34,2.28,15,95,20.7,1029.14
17/08/03,05:20:00,2.3,17,93,20.6,1029.22
17/08/03,05:30:25,2.33,17,93,20.6,1029.22
17/08/03,05:40:51,2.32,15,93,20.6,1029.39
17/08/03,05:51:17,2.33,17,95,20.6,1029.57
17/08/03,06:01:43,2.34,15,93,20.5,1029.71
17/08/03,06:12:08,2.32,17,91,20.6,1029.8
17/08/03,06:22:34,2.31,15,93,20.8,1029.91
17/08/03,06:33:00,2.27,15,91,21,1030.01
17/08/03,06:43:25,2.24,16,91,21.2,1030.1
17/08/03,06:53:51,2.22,16,91,21.4,1030.09
17/08/03,07:04:17,2.18,16,93,21.6,1030.1
17/08/03,07:14:43,2.14,16,91,21.8,1030.06
17/08/03,07:25:08,2.1,17,84,22,1030.1
17/08/03,07:35:34,2.05,17,84,22.3,1030.21
17/08/03,07:46:00,2,17,86,22.6,1030.17
17/08/03,07:56:25,1.96,17,82,22.8,1030.01
17/08/03,08:06:51,1.9,18,81,23.1,1029.88
17/08/03,08:17:16,1.85,18,76,23.3,1029.75
17/08/03,08:27:42,1.8,18,76,23.5,1029.61
17/08/03,08:38:07,1.76,18,77,23.7,1029.48
17/08/03,08:48:33,1.72,18,74,23.8,1029.37
17/08/03,08:58:59,1.67,18,77,24,1029.32
17/08/03,09:09:24,1.63,18,76,24,1029.21
17/08/03,09:19:50,1.58,19,79,24.1,1029.07
17/08/03,09:30:16,1.53,19,75,24.2,1028.97
17/08/03,09:40:41,1.48,19,73,24.3,1028.83
17/08/03,09:51:07,1.44,19,73,24.3,1028.74
17/08/03,10:01:33,1.39,19,77,24.4,1028.49
17/08/03,10:11:58,1.36,19,77,24.5,1028.47
17/08/03,10:22:24,1.32,19,79,24.4,1028.37
17/08/03,10:32:49,1.28,19,76,24.6,1028.32
17/08/03,10:43:15,1.25,19,78,24.7,1028.21
17/08/03,10:53:40,1.22,19,75,25.1,1028.09
17/08/03,11:04:06,1.2,19,74,25.1,1027.86
17/08/03,11:14:31,1.18,19,74,25.2,1027.86
17/08/03,11:24:57,1.13,20,73,25.2,1027.77
17/08/03,11:35:22,1.11,20,73,25.2,1027.74
17/08/03,11:45:48,1.12,20,71,25.3,1027.57
17/08/03,11:56:13,1.13,20,72,25.3,1027.6
17/08/03,12:06:39,1.11,20,72,25.3,1027.58
17/08/03,12:17:04,1.11,20,65,25.3,1027.46
17/08/03,12:27:29,1.08,20,71,25.3,1027.43
17/08/03,12:37:55,1.1,20,72,25.3,1027.46
17/08/03,12:48:20,1.13,20,70,25.4,1027.37
17/08/03,12:58:46,1.18,20,70,26.8,1027.37
17/08/03,13:09:11,1.18,20,68,28.6,1027.36
17/08/03,13:19:37,1.22,20,71,29,1027.35
17/08/03,13:30:02,1.26,20,70,28.9,1027.41
17/08/03,13:40:27,1.3,20,69,28.3,1027.55
17/08/03,13:50:53,1.36,20,68,27.6,1027.57
17/08/03,14:01:18,1.41,20,68,27.4,1027.55
17/08/03,14:11:44,1.43,20,69,27.1,1027.65
17/08/03,14:22:09,1.48,20,69,26.8,1027.7
17/08/03,14:32:35,1.52,20,70,26.7,1027.69
17/08/03,14:43:00,1.59,20,70,26.2,1027.75
17/08/03,14:53:26,1.64,20,70,25.7,1027.84
17/08/03,15:03:51,1.67,19,71,25.3,1027.93
17/08/03,15:14:17,1.73,19,72,24.9,1028.08
17/08/03,15:24:42,1.77,19,72,24.7,1028.07
17/08/03,15:35:07,1.82,19,72,24.6,1028.03
17/08/03,15:45:33,1.87,19,72,24.5,1028.26
17/08/03,15:55:58,1.9,19,72,24.4,1028.22
17/08/03,16:06:23,1.98,19,72,24.4,1028.28
17/08/03,16:16:48,1.99,19,73,24.3,1028.36
17/08/03,16:27:14,2.09,19,73,24.2,1028.36
17/08/03,16:37:39,2.12,19,73,24.2,1028.61
17/08/03,16:48:04,2.12,18,74,24,1028.58
17/08/03,16:58:30,2.18,18,76,23.9,1028.6
17/08/03,17:08:55,2.2,18,76,23.9,1028.65
17/08/03,17:19:21,2.23,18,77,23.8,1028.62
17/08/03,17:29:46,2.28,18,81,23.7,1028.67
17/08/03,17:40:11,2.3,17,82,23.4,1028.62
17/08/03,17:50:37,2.34,19,84,23.2,1028.76
17/08/03,18:01:03,2.37,17,82,23.1,1028.78
17/08/03,18:11:28,2.37,17,82,23.1,1028.81
17/08/03,18:21:53,2.39,17,81,23.2,1028.79
17/08/03,18:32:19,2.38,19,80,23.2,1028.9
17/08/03,18:42:44,2.36,19,79,23.1,1028.86
17/08/03,18:53:10,2.37,19,82,23.1,1028.87
17/08/03,19:03:35,2.32,17,90,23,1029.01
17/08/03,19:14:01,2.33,19,91,22.8,1029.03
17/08/03,19:24:26,2.29,19,92,22.7,1028.99
17/08/03,19:34:52,2.27,19,92,22.7,1029.07
17/08/03,19:45:17,2.23,18,95,22.5,1029.03
17/08/03,19:55:43,2.14,18,95,22.3,1029.1
17/08/03,20:06:08,2.13,16,95,22.2,1028.87
17/08/03,20:16:34,2.08,18,95,22.2,1028.9
17/08/03,20:26:59,2.02,18,95,22.2,1028.87
17/08/03,20:37:25,1.97,18,95,22.2,1028.84
17/08/03,20:47:50,1.94,18,95,22.2,1028.75
17/08/03,20:58:16,1.86,18,95,22.2,1028.66
17/08/03,21:08:42,1.83,18,95,22.2,1028.66
17/08/03,21:19:07,1.79,18,95,22.2,1028.56
17/08/03,21:29:33,1.72,18,95,22.2,1028.46
17/08/03,21:39:58,1.65,18,93,22.1,1028.4
17/08/03,21:50:24,1.62,18,93,22,1028.31
17/08/03,22:00:50,1.57,18,93,22.1,1028.28
17/08/03,22:11:16,1.53,17,92,22.1,1028.11
17/08/03,22:21:42,1.48,18,93,22.1,1027.94
17/08/03,22:32:08,1.44,18,95,22.1,1027.87
17/08/03,22:42:34,1.38,16,94,22.1,1027.82
17/08/03,22:52:59,1.33,16,95,22.1,1027.87
17/08/03,23:03:25,1.3,18,95,22,1027.72
17/08/03,23:13:51,1.25,18,95,21.9,1027.69
17/08/03,23:24:16,1.18,16,95,21.9,1027.48
17/08/03,23:34:42,1.17,18,95,21.9,1027.4
17/08/03,23:45:08,1.19,18,95,21.9,1027.31
17/08/03,23:55:34,1.11,16,95,21.9,1027.25
17/08/04,00:05:59,1.09,18,95,21.9,1027.14
17/08/04,00:16:25,1.02,18,95,21.9,1026.99
17/08/04,00:26:51,1.03,18,95,21.9,1027.05
17/08/04,00:37:16,0.97,18,95,21.9,1027
17/08/04,00:47:42,0.99,18,95,21.9,1026.85
17/08/04,00:58:08,1,18,95,21.8,1026.76
17/08/04,01:08:34,1.04,18,95,21.7,1026.75
17/08/04,01:19:00,1.02,18,95,21.8,1026.82
17/08/04,01:29:26,1.05,18,93,21.9,1026.76
17/08/04,01:39:51,1.07,18,95,21.8,1026.58
17/08/04,01:50:17,1.07,17,95,21.7,1026.54
17/08/04,02:00:43,1.16,17,95,21.6,1026.6
17/08/04,02:11:08,1.17,17,95,21.5,1026.62
17/08/04,02:21:34,1.25,17,95,21.5,1026.59
17/08/04,02:32:00,1.29,17,95,21.5,1026.68
17/08/04,02:42:26,1.35,17,95,21.3,1026.72
17/08/04,02:52:51,1.39,17,95,21.2,1026.84
17/08/04,03:03:17,1.46,17,95,21.2,1026.87
17/08/04,03:13:43,1.52,17,95,21.2,1026.78
17/08/04,03:24:09,1.57,17,95,21.3,1026.9
17/08/04,03:34:35,1.63,17,95,21.2,1026.98
17/08/04,03:45:01,1.69,17,95,21.1,1026.92
17/08/04,03:55:27,1.73,17,95,21.1,1027.01
17/08/04,04:05:52,1.84,17,95,21.2,1026.95
17/08/04,04:16:18,1.88,17,95,21.3,1027.1
17/08/04,04:26:43,1.95,16,95,21.4,1027.09
17/08/04,04:37:09,1.97,18,95,21.6,1027.29
17/08/04,04:47:35,2.01,16,95,21.5,1027.12
17/08/04,04:58:00,2.11,17,95,21.5,1027.22
17/08/04,05:08:26,2.16,17,95,21.5,1027.17
17/08/04,05:18:52,2.18,17,95,21.4,1027.17
17/08/04,05:29:17,2.26,16,95,21.6,1027.23
17/08/04,05:39:43,2.28,18,95,21.8,1027.27
17/08/04,05:50:08,2.33,16,95,21.9,1027.19
17/08/04,06:00:34,2.36,18,95,22.1,1027.29
17/08/04,06:11:00,2.42,18,93,22.3,1027.19
17/08/04,06:21:25,2.44,18,95,22.4,1027.37
17/08/04,06:31:51,2.46,18,95,22.5,1027.43
17/08/04,06:42:17,2.47,18,95,22.6,1027.35
17/08/04,06:52:43,2.49,18,95,22.7,1027.42
17/08/04,07:03:08,2.48,19,94,22.8,1027.39
17/08/04,07:13:34,2.46,18,95,22.8,1027.33
17/08/04,07:24:00,2.45,19,92,22.9,1027.31
17/08/04,07:34:25,2.42,19,92,23,1027.26
17/08/04,07:44:51,2.39,19,92,23.2,1027.27
17/08/04,07:55:17,2.35,19,92,23.4,1027.22
17/08/04,08:05:42,2.3,19,92,23.5,1027.12
17/08/04,08:16:08,2.23,19,92,23.6,1027.16
17/08/04,08:26:33,2.18,19,92,23.7,1027.08
17/08/04,08:36:59,2.13,20,90,23.9,1026.88
17/08/04,08:47:24,2.08,20,87,24,1026.71
17/08/04,08:57:50,2.03,20,85,24,1026.48
17/08/04,09:08:15,1.95,19,94,23.8,1026.24
17/08/04,09:18:41,1.92,19,94,23.6,1026.2
17/08/04,09:29:06,1.82,19,92,23.4,1026.04
17/08/04,09:39:32,1.8,19,94,23.5,1025.81
17/08/04,09:49:57,1.7,19,92,23.5,1025.72
17/08/04,10:00:23,1.68,19,92,23.6,1025.44
17/08/04,10:10:49,1.63,20,90,23.8,1025.21
17/08/04,10:21:14,1.56,20,90,24,1025.03
17/08/04,10:31:40,1.48,20,90,24.1,1024.89
17/08/04,10:42:06,1.43,20,90,24.4,1024.96
17/08/04,10:52:31,1.36,20,90,24.5,1024.79
17/08/04,11:02:57,1.33,20,87,24.2,1024.77
17/08/04,11:13:22,1.28,18,87,23.7,1024.63
17/08/04,11:23:48,1.22,19,90,23.5,1024.65
17/08/04,11:34:14,1.16,19,90,23.4,1024.47
17/08/04,11:44:39,1.11,19,89,23.5,1024.39
17/08/04,11:55:05,1.07,20,87,23.7,1024.28
17/08/04,12:05:31,1.04,20,87,24,1024.15
17/08/04,12:15:56,1.01,20,81,24.2,1024.1
17/08/04,12:26:22,0.97,20,84,24.3,1024.02
17/08/04,12:36:48,0.92,20,85,24.6,1023.82
17/08/04,12:47:13,0.91,20,87,24.9,1023.73
17/08/04,12:57:39,0.88,20,87,26,1023.56
17/08/04,13:08:05,0.87,21,86,27,1023.55
17/08/04,13:18:30,0.89,21,86,28.4,1023.56
17/08/04,13:28:56,0.89,21,84,26.3,1023.66
17/08/04,13:39:22,0.9,21,84,25.3,1023.67
17/08/04,13:49:48,0.93,21,84,25,1023.68
17/08/04,14:00:13,0.96,21,84,24.8,1023.81
17/08/04,14:10:39,1.01,21,84,24.7,1023.89
17/08/04,14:21:05,1.07,21,84,25.1,1023.88
17/08/04,14:31:30,1.13,21,84,24.8,1023.9
17/08/04,14:41:55,1.16,20,85,24.6,1023.83
17/08/04,14:52:21,1.18,20,85,24.5,1024.03
17/08/04,15:02:46,1.28,20,85,24.5,1024.02
17/08/04,15:13:12,1.32,20,85,24.4,1024.14
17/08/04,15:23:38,1.38,20,85,24.2,1024.13
17/08/04,15:34:03,1.45,20,85,24.1,1024.21
17/08/04,15:44:29,1.51,20,85,24,1024.26
17/08/04,15:54:55,1.58,20,85,23.9,1024.23
17/08/04,16:05:20,1.64,20,85,23.8,1024.28
17/08/04,16:15:46,1.7,20,85,23.8,1024.4
17/08/04,16:26:11,1.76,20,85,23.8,1024.46
17/08/04,16:36:37,1.82,20,85,23.9,1024.64
17/08/04,16:47:03,1.87,20,85,23.8,1024.69
17/08/04,16:57:28,1.94,20,85,23.8,1024.93
17/08/04,17:07:53,2.01,20,85,23.8,1024.99
17/08/04,17:18:19,2.09,20,85,23.8,1025.11
17/08/04,17:28:44,2.15,20,86,23.7,1025.04
17/08/04,17:39:10,2.19,20,87,23.7,1025.13
17/08/04,17:49:35,2.26,19,87,23.5,1025.29
17/08/04,18:00:01,2.3,19,87,23.5,1025.17
17/08/04,18:10:27,2.35,19,90,23.4,1025.28
17/08/04,18:20:52,2.41,19,87,23.3,1025.3
17/08/04,18:31:18,2.44,19,90,23.2,1025.36
17/08/04,18:41:43,2.49,19,92,23.1,1025.52
17/08/04,18:52:09,2.55,19,90,23,1025.58
17/08/04,19:02:35,2.6,19,91,22.9,1025.66
17/08/04,19:13:00,2.59,19,89,22.9,1025.54
17/08/04,19:23:26,2.6,19,90,22.9,1025.66
17/08/04,19:33:52,2.6,19,90,22.9,1025.51
17/08/04,19:44:18,2.6,19,90,22.9,1025.57
17/08/04,19:54:43,2.59,19,90,22.9,1025.63
17/08/04,20:05:09,2.55,19,90,22.9,1025.72
17/08/04,20:15:35,2.51,19,90,22.9,1025.6
17/08/04,20:26:00,2.45,19,90,22.8,1025.57
17/08/04,20:36:26,2.41,19,90,22.8,1025.6
17/08/04,20:46:51,2.37,19,90,22.8,1025.5
17/08/04,20:57:17,2.29,19,90,22.7,1025.41
17/08/04,21:07:42,2.25,19,92,22.7,1025.41
17/08/04,21:18:08,2.15,19,92,22.7,1025.47
17/08/04,21:28:34,2.1,19,90,22.7,1025.32
17/08/04,21:38:59,2.03,19,90,22.7,1025.16
17/08/04,21:49:25,1.98,19,90,22.7,1025.19
17/08/04,21:59:50,1.9,18,92,22.7,1025.19
17/08/04,22:10:16,1.84,19,92,22.6,1025.04
17/08/04,22:20:41,1.78,18,93,22.5,1024.95
17/08/04,22:31:07,1.71,18,93,22.6,1024.89
17/08/04,22:41:33,1.65,18,91,22.6,1024.6
17/08/04,22:51:59,1.58,19,90,22.8,1024.4
17/08/04,23:02:24,1.52,19,90,22.8,1024.29
17/08/04,23:12:50,1.45,19,90,22.8,1024.17
17/08/04,23:23:16,1.39,19,90,22.8,1024.2
17/08/04,23:33:42,1.33,19,92,22.8,1024.26
17/08/04,23:44:07,1.27,18,93,22.6,1024.04
17/08/04,23:54:33,1.2,18,93,22.5,1024.07
17/08/05,00:04:59,1.16,18,93,22.5,1024.13
17/08/05,00:15:25,1.09,18,93,22.5,1024.03
17/08/05,00:25:50,1.05,18,93,22.4,1023.91
17/08/05,00:36:16,1,18,92,22.4,1023.88
17/08/05,00:46:42,0.95,18,93,22.4,1023.91
17/08/05,00:57:08,0.93,18,91,22.4,1023.78
17/08/05,01:07:34,0.89,18,91,22.3,1023.63
17/08/05,01:17:59,0.87,18,91,22.3,1023.54
17/08/05,01:28:25,0.85,18,93,22.3,1023.48
17/08/05,01:38:51,0.85,18,93,22.2,1023.33
17/08/05,01:49:17,0.84,18,93,22.2,1023.33
17/08/05,01:59:43,0.86,18,93,22.2,1023.28
17/08/05,02:10:09,0.85,18,93,22.1,1023.27
17/08/05,02:20:35,0.91,18,93,22.1,1023.56
17/08/05,02:31:01,0.92,18,94,22.2,1023.5
17/08/05,02:41:27,0.98,18,95,22.2,1023.53
17/08/05,02:51:52,1.04,18,93,22.2,1023.59
17/08/05,03:02:18,1.09,18,94,22.1,1023.53
17/08/05,03:12:44,1.17,18,94,22,1023.55
17/08/05,03:23:10,1.23,18,93,21.9,1023.66
17/08/05,03:33:35,1.3,18,93,21.9,1023.78
17/08/05,03:44:01,1.36,18,93,22,1023.78
17/08/05,03:54:27,1.43,18,93,21.9,1023.89
17/08/05,04:04:53,1.5,18,93,21.9,1024.03
17/08/05,04:15:19,1.57,18,93,22,1024.1
17/08/05,04:25:45,1.64,18,93,22.2,1024.05
17/08/05,04:36:11,1.72,18,93,22.2,1024.11
17/08/05,04:46:36,1.78,18,93,22.2,1024.26
17/08/05,04:57:02,1.85,18,95,22.2,1024.43
17/08/05,05:07:27,1.93,18,93,22.1,1024.51
17/08/05,05:17:53,2,18,93,22.2,1024.54
17/08/05,05:28:19,2.07,18,93,22.2,1024.75
17/08/05,05:38:44,2.15,18,91,22.3,1024.76
17/08/05,05:49:10,2.21,18,91,22.3,1024.87
17/08/05,05:59:35,2.28,18,88,22.4,1025.06
17/08/05,06:10:01,2.35,18,85,22.5,1025.09
17/08/05,06:20:27,2.41,18,86,22.6,1025.1
17/08/05,06:30:52,2.47,18,86,22.7,1025.13
17/08/05,06:41:18,2.54,18,85,22.8,1025.3
17/08/05,06:51:44,2.59,19,85,23,1025.22
17/08/05,07:02:09,2.64,19,84,23.1,1025.32
17/08/05,07:12:35,2.68,19,84,23.4,1025.22
17/08/05,07:23:01,2.7,19,83,23.6,1025.23
17/08/05,07:33:27,2.71,19,85,23.9,1025.2
17/08/05,07:43:53,2.74,20,84,24.1,1025.18
17/08/05,07:54:19,2.74,20,82,24.2,1025.07
17/08/05,08:04:44,2.72,20,80,24.3,1025.05
17/08/05,08:15:10,2.69,20,80,24.5,1024.82
17/08/05,08:25:35,2.66,20,73,24.7,1024.65
17/08/05,08:36:01,2.6,20,73,24.8,1024.54
17/08/05,08:46:27,2.52,21,72,24.9,1024.55
17/08/05,08:56:52,2.49,21,71,25.1,1024.41
17/08/05,09:07:18,2.4,21,72,25.2,1024.3
17/08/05,09:17:43,2.33,21,71,25.3,1024.07
17/08/05,09:28:08,2.26,21,69,25.4,1024.02
17/08/05,09:38:33,2.16,21,70,25.5,1023.65
17/08/05,09:48:59,2.09,21,72,25.5,1023.41
17/08/05,09:59:24,2.01,21,73,25.7,1023.19
17/08/05,10:09:49,1.95,21,73,25.8,1023.05
17/08/05,10:20:15,1.87,21,75,25.8,1022.73
17/08/05,10:30:40,1.8,21,68,26,1022.47
17/08/05,10:41:05,1.72,21,72,26,1022.3
17/08/05,10:51:31,1.65,21,74,26.1,1022.12
17/08/05,11:01:56,1.58,21,72,26.2,1022.01
17/08/05,11:12:22,1.51,22,69,26.2,1021.85
17/08/05,11:22:47,1.44,22,71,26.3,1021.58
17/08/05,11:33:13,1.37,22,72,26.3,1021.59
17/08/05,11:43:38,1.3,22,74,26.4,1021.35
17/08/05,11:54:04,1.23,22,73,26.3,1021.18
17/08/05,12:04:29,1.19,22,74,26.4,1021.27
17/08/05,12:14:54,1.1,22,79,26.5,1021.16
17/08/05,12:25:20,1.06,22,77,26.4,1021.04
17/08/05,12:35:45,0.98,22,75,26.2,1020.91
17/08/05,12:46:11,0.91,22,77,26.1,1020.94
17/08/05,12:56:36,0.88,22,78,26,1020.78
17/08/05,13:07:02,0.83,22,76,26.6,1020.75
17/08/05,13:17:28,0.78,22,78,28.9,1020.59
17/08/05,13:27:53,0.77,22,78,28.6,1020.61
17/08/05,13:38:18,0.7,22,79,28.5,1020.63
17/08/05,13:48:43,0.69,22,80,27.1,1020.75
17/08/05,13:59:09,0.69,21,80,26.1,1020.88
17/08/05,14:09:34,0.7,21,81,25.9,1020.93
17/08/05,14:20:00,0.71,21,82,25.7,1020.95
17/08/05,14:30:25,0.72,21,82,26.4,1021.04
17/08/05,14:40:51,0.74,21,83,26.5,1020.95
17/08/05,14:51:16,0.79,21,83,26.4,1020.98
17/08/05,15:01:41,0.83,21,83,26,1020.96
17/08/05,15:12:07,0.9,21,83,25.4,1021.11
17/08/05,15:22:33,0.97,21,83,25.1,1021.16
17/08/05,15:32:58,1.06,21,83,25,1021.18
17/08/05,15:43:24,1.05,21,84,25,1021.4
17/08/05,15:53:49,1.23,21,84,24.9,1021.52
17/08/05,16:04:14,1.26,21,84,24.9,1021.55
17/08/05,16:14:40,1.3,21,84,24.9,1021.66
17/08/05,16:25:05,1.39,21,84,24.8,1021.69
17/08/05,16:35:31,1.51,21,85,24.8,1021.72
17/08/05,16:45:56,1.56,21,86,24.8,1021.84
17/08/05,16:56:22,1.59,21,86,24.7,1021.86
17/08/05,17:06:47,1.72,20,87,24.7,1021.97
17/08/05,17:17:13,1.75,20,87,24.6,1022.05
17/08/05,17:27:38,1.89,20,87,24.6,1022.29
17/08/05,17:38:03,1.9,20,86,24.5,1022.19
17/08/05,17:48:29,1.97,20,87,24.4,1022.37
17/08/05,17:58:54,2.06,20,86,24.4,1022.42
17/08/05,18:09:19,2.14,20,87,24.3,1022.51
17/08/05,18:19:45,2.18,20,87,24.2,1022.53
17/08/05,18:30:10,2.24,20,87,24.2,1022.47
17/08/05,18:40:36,2.35,20,85,24.1,1022.62
17/08/05,18:51:01,2.42,20,86,24,1022.55
17/08/05,19:01:27,2.5,20,87,24,1022.64
17/08/05,19:11:52,2.53,20,87,23.9,1022.69
17/08/05,19:22:18,2.6,20,87,23.9,1022.75
17/08/05,19:32:44,2.66,20,87,23.8,1022.93
17/08/05,19:43:09,2.72,20,87,23.8,1023.01
17/08/05,19:53:35,2.76,20,87,23.8,1022.98
17/08/05,20:04:01,2.8,23,87,23.7,1022.98
17/08/05,20:14:27,2.82,19,87,23.7,1023.06
17/08/05,20:24:53,2.79,19,87,23.6,1023.03
17/08/05,20:35:18,2.75,19,87,23.6,1023.15
17/08/05,20:45:44,2.74,19,87,23.5,1023.05
17/08/05,20:56:10,2.69,19,90,23.4,1022.96
17/08/05,21:06:35,2.61,22,90,23.3,1023.13
17/08/05,21:17:01,2.61,19,90,23.2,1023.04
17/08/05,21:27:26,2.5,19,90,23.2,1022.98
17/08/05,21:37:52,2.43,19,90,23.2,1022.86
17/08/05,21:48:18,2.31,19,90,23.1,1022.89
17/08/05,21:58:43,2.25,19,90,23,1022.85
17/08/05,22:09:08,2.18,19,90,22.9,1022.64
17/08/05,22:19:34,2.11,19,90,23,1022.67
17/08/05,22:30:00,2.04,22,88,23,1022.59
17/08/05,22:40:25,1.97,19,90,22.9,1022.47
17/08/05,22:50:50,1.86,22,88,22.9,1022.44
17/08/05,23:01:16,1.79,22,88,23,1022.41
17/08/05,23:11:42,1.71,22,88,22.9,1022.29
17/08/05,23:22:07,1.62,22,85,22.8,1022.05
17/08/05,23:32:33,1.54,21,85,22.8,1022.23
17/08/05,23:42:59,1.48,21,85,22.7,1022.16
17/08/05,23:53:25,1.4,21,85,22.7,1022.02
17/08/06,00:03:50,1.35,21,85,22.6,1022.13
17/08/06,00:14:16,1.26,21,85,22.5,1022.15
17/08/06,00:24:42,1.18,21,84,22.5,1022.15
17/08/06,00:35:07,1.09,21,84,22.4,1022.09
17/08/06,00:45:33,1.04,21,84,22.4,1022
17/08/06,00:55:59,0.97,22,84,22.5,1022.27
17/08/06,01:06:25,0.92,21,84,22.6,1022.24
17/08/06,01:16:51,0.85,21,84,22.6,1022.33
17/08/06,01:27:16,0.81,21,82,22.5,1022.36
17/08/06,01:37:42,0.76,21,83,22.4,1022.33
17/08/06,01:48:07,0.73,21,84,22.3,1022.38
17/08/06,01:58:33,0.69,21,84,22.2,1022.43
17/08/06,02:08:59,0.66,21,84,22.2,1022.46
17/08/06,02:19:25,0.65,21,84,22.3,1022.52
17/08/06,02:29:50,0.65,21,84,22.3,1022.64
17/08/06,02:40:16,0.67,21,84,22.4,1022.73
17/08/06,02:50:42,0.7,21,85,22.2,1022.72
17/08/06,03:01:08,0.74,21,85,22.2,1022.75
17/08/06,03:11:33,0.78,21,85,22.1,1022.95
17/08/06,03:21:59,0.83,21,85,22.1,1023.01
17/08/06,03:32:25,0.9,21,84,22.2,1023.19
17/08/06,03:42:51,0.97,21,82,22.2,1023.39
17/08/06,03:53:17,1.04,21,76,22.2,1023.59
17/08/06,04:03:42,1.12,21,79,22.2,1023.59
17/08/06,04:14:08,1.21,21,74,22.2,1023.82
17/08/06,04:24:34,1.29,21,76,22.2,1023.96
17/08/06,04:35:00,1.36,21,72,22.2,1024.08
17/08/06,04:45:25,1.45,21,76,22.1,1024.22
17/08/06,04:55:51,1.53,21,83,22,1024.33
17/08/06,05:06:17,1.61,20,92,21.9,1024.47
17/08/06,05:16:43,1.69,20,94,21.4,1024.77
17/08/06,05:27:09,1.76,19,94,21,1024.89
17/08/06,05:37:34,1.84,19,95,20.9,1025
17/08/06,05:48:00,1.94,20,92,21.1,1024.98
17/08/06,05:58:26,2,20,92,21.3,1024.99
17/08/06,06:08:51,2.09,20,92,21.5,1024.97
17/08/06,06:19:17,2.18,20,89,21.5,1024.95
17/08/06,06:29:43,2.26,20,92,21.6,1025.04
17/08/06,06:40:09,2.34,21,88,21.7,1025.13
17/08/06,06:50:34,2.42,21,90,21.8,1025.2
17/08/06,07:01:00,2.5,21,90,22,1025.2
17/08/06,07:11:26,2.57,21,90,22.3,1025.3
17/08/06,07:21:52,2.64,21,88,22.5,1025.46
17/08/06,07:32:18,2.7,21,88,22.7,1025.5
17/08/06,07:42:43,2.77,22,84,22.9,1025.49
17/08/06,07:53:09,2.82,22,83,23.2,1025.47
17/08/06,08:03:35,2.84,22,81,23.6,1025.43
17/08/06,08:14:01,2.88,23,80,23.9,1025.42
17/08/06,08:24:27,2.91,24,72,24.2,1025.24
17/08/06,08:34:52,2.85,24,76,24.5,1025.2
17/08/06,08:45:18,2.87,24,81,24.6,1025.18
17/08/06,08:55:44,2.79,24,79,24.7,1025.2
17/08/06,09:06:10,2.79,24,78,24.8,1024.84
17/08/06,09:16:35,2.69,24,74,25.1,1024.91
17/08/06,09:42:17,2.52,20,76,25.7,1024.53
17/08/06,09:52:42,2.42,20,72,25.9,1024.49
17/08/06,10:03:07,2.34,20,72,26,1024.37
17/08/06,10:05:43,2.31,22,70,26,1024.34
